Workbook

Sheet validation
A1: month | B1: warehouse | C1: sku | D1: item_name | E1: category | F1: unit | G1: opening_stock | H1: received_qty | I1: issued_qty | J1: closing_stock | K1: reorder_level | L1: needs_reorder | M1: unit_cost | N1: stock_value | O1: supplier | P1: stock_check | Q1: recorder_check | R1: value_check | S1: recoder_key_check
A2: 46054 | B2: WH-Chennai | C2: SKU-1001 | D2: A4 Paper Ream | E2: Stationery | F2: pcs | G2: 320 | H2: 0 | I2: 152 | J2: 168 | K2: 123 | L2: FALSE | M2: 276.76 | N2: 46495.88 | O2: Lotus Agencies | P2: =IF(J2=G2+H2-I2,"OK","Check") -> OK | Q2: =IF(AND(J2<=K2,L2=TRUE),"OK",IF(AND(J2>K2,L2=FALSE),"OK","Check")) -> OK | R2: =IF(ABS(N2-J2*M2)<=J2*0.005+0.01,"OK","Check") -> OK | S2: =COUNTIFS(A:A,A2,B:B,B2,C:C,C2) -> 1
A3: 46054 | B3: WH-Chennai | C3: SKU-1002 | D3: A4 Paper Ream (Bulk) | E3: Stationery | F3: pcs | G3: 83 | H3: 0 | I3: 36 | J3: 47 | K3: 53 | L3: TRUE | M3: 1274.63 | N3: 59907.46 | O3: Prime Packaging Works | P3: =IF(J3=G3+H3-I3,"OK","Check") -> OK | Q3: =IF(AND(J3<=K3,L3=TRUE),"OK",IF(AND(J3>K3,L3=FALSE),"OK","Check")) -> OK | R3: =IF(ABS(N3-J3*M3)<=J3*0.005+0.01,"OK","Check") -> OK | S3: =COUNTIFS(A:A,A3,B:B,B3,C:C,C3) -> 1
A4: 46054 | B4: WH-Chennai | C4: SKU-1003 | D4: Ball Pen Box | E4: Stationery | F4: pcs | G4: 394 | H4: 486 | I4: 208 | J4: 672 | K4: 176 | L4: FALSE | M4: 98.38 | N4: 66110.37 | O4: Lotus Agencies | P4: =IF(J4=G4+H4-I4,"OK","Check") -> OK | Q4: =IF(AND(J4<=K4,L4=TRUE),"OK",IF(AND(J4>K4,L4=FALSE),"OK","Check")) -> OK | R4: =IF(ABS(N4-J4*M4)<=J4*0.005+0.01,"OK","Check") -> OK | S4: =COUNTIFS(A:A,A4,B:B,B4,C:C,C4) -> 1
A5: 46054 | B5: WH-Chennai | C5: SKU-1004 | D5: Ball Pen Box (Bulk) | E5: Stationery | F5: pcs | G5: 146 | H5: 148 | I5: 22 | J5: 272 | K5: 96 | L5: FALSE | M5: 412.63 | N5: 112236.34 | O5: Northstar Enterprises | P5: =IF(J5=G5+H5-I5,"OK","Check") -> OK | Q5: =IF(AND(J5<=K5,L5=TRUE),"OK",IF(AND(J5>K5,L5=FALSE),"OK","Check")) -> OK | R5: =IF(ABS(N5-J5*M5)<=J5*0.005+0.01,"OK","Check") -> OK | S5: =COUNTIFS(A:A,A5,B:B,B5,C:C,C5) -> 1
A6: 46054 | B6: WH-Chennai | C6: SKU-1005 | D6: Stapler | E6: Stationery | F6: pcs | G6: 160 | H6: 322 | I6: 122 | J6: 360 | K6: 136 | L6: FALSE | M6: 128.44 | N6: 46238.8 | O6: Lotus Agencies | P6: =IF(J6=G6+H6-I6,"OK","Check") -> OK | Q6: =IF(AND(J6<=K6,L6=TRUE),"OK",IF(AND(J6>K6,L6=FALSE),"OK","Check")) -> OK | R6: =IF(ABS(N6-J6*M6)<=J6*0.005+0.01,"OK","Check") -> OK | S6: =COUNTIFS(A:A,A6,B:B,B6,C:C,C6) -> 1
A7: 46054 | B7: WH-Chennai | C7: SKU-1006 | D7: Stapler (Bulk) | E7: Stationery | F7: pcs | G7: 512 | H7: 585 | I7: 209 | J7: 888 | K7: 159 | L7: FALSE | M7: 523.72 | N7: 465065.6 | O7: Metro Wholesale | P7: =IF(J7=G7+H7-I7,"OK","Check") -> OK | Q7: =IF(AND(J7<=K7,L7=TRUE),"OK",IF(AND(J7>K7,L7=FALSE),"OK","Check")) -> OK | R7: =IF(ABS(N7-J7*M7)<=J7*0.005+0.01,"OK","Check") -> OK | S7: =COUNTIFS(A:A,A7,B:B,B7,C:C,C7) -> 1
A8: 46054 | B8: WH-Chennai | C8: SKU-1007 | D8: Box File | E8: Stationery | F8: pcs | G8: 193 | H8: 384 | I8: 131 | J8: 446 | K8: 135 | L8: FALSE | M8: 67.93 | N8: 30297 | O8: Lotus Agencies | P8: =IF(J8=G8+H8-I8,"OK","Check") -> OK | Q8: =IF(AND(J8<=K8,L8=TRUE),"OK",IF(AND(J8>K8,L8=FALSE),"OK","Check")) -> OK | R8: =IF(ABS(N8-J8*M8)<=J8*0.005+0.01,"OK","Check") -> OK | S8: =COUNTIFS(A:A,A8,B:B,B8,C:C,C8) -> 1
A9: 46054 | B9: WH-Chennai | C9: SKU-1008 | D9: Box File (Bulk) | E9: Stationery | F9: pcs | G9: 269 | H9: 0 | I9: 234 | J9: 35 | K9: 175 | L9: TRUE | M9: 365.55 | N9: 12794.27 | O9: Lotus Agencies | P9: =IF(J9=G9+H9-I9,"OK","Check") -> OK | Q9: =IF(AND(J9<=K9,L9=TRUE),"OK",IF(AND(J9>K9,L9=FALSE),"OK","Check")) -> OK | R9: =IF(ABS(N9-J9*M9)<=J9*0.005+0.01,"OK","Check") -> OK | S9: =COUNTIFS(A:A,A9,B:B,B9,C:C,C9) -> 1
A10: 46054 | B10: WH-Chennai | C10: SKU-1009 | D10: Whiteboard Marker Set | E10: Stationery | F10: pcs | G10: 203 | H10: 0 | I10: 76 | J10: 127 | K10: 120 | L10: FALSE | M10: 152.84 | N10: 19410.76 | O10: Unity Traders | P10: =IF(J10=G10+H10-I10,"OK","Check") -> OK | Q10: =IF(AND(J10<=K10,L10=TRUE),"OK",IF(AND(J10>K10,L10=FALSE),"OK","Check")) -> OK | R10: =IF(ABS(N10-J10*M10)<=J10*0.005+0.01,"OK","Check") -> OK | S10: =COUNTIFS(A:A,A10,B:B,B10,C:C,C10) -> 1
A11: 46054 | B11: WH-Chennai | C11: SKU-1010 | D11: Whiteboard Marker Set (Bulk) | E11: Stationery | F11: pcs | G11: 20 | H11: 51 | I11: 15 | J11: 56 | K11: 25 | L11: FALSE | M11: 768.39 | N11: 43030.12 | O11: Greenleaf Supplies | P11: =IF(J11=G11+H11-I11,"OK","Check") -> OK | Q11: =IF(AND(J11<=K11,L11=TRUE),"OK",IF(AND(J11>K11,L11=FALSE),"OK","Check")) -> OK | R11: =IF(ABS(N11-J11*M11)<=J11*0.005+0.01,"OK","Check") -> OK | S11: =COUNTIFS(A:A,A11,B:B,B11,C:C,C11) -> 1
A12: 46054 | B12: WH-Chennai | C12: SKU-1011 | D12: Sticky Notes Pack | E12: Stationery | F12: pcs | G12: 274 | H12: 247 | I12: 115 | J12: 406 | K12: 153 | L12: FALSE | M12: 61.75 | N12: 25070.84 | O12: Unity Traders | P12: =IF(J12=G12+H12-I12,"OK","Check") -> OK | Q12: =IF(AND(J12<=K12,L12=TRUE),"OK",IF(AND(J12>K12,L12=FALSE),"OK","Check")) -> OK | R12: =IF(ABS(N12-J12*M12)<=J12*0.005+0.01,"OK","Check") -> OK | S12: =COUNTIFS(A:A,A12,B:B,B12,C:C,C12) -> 1
A13: 46054 | B13: WH-Chennai | C13: SKU-1012 | D13: Sticky Notes Pack (Bulk) | E13: Stationery | F13: pcs | G13: 137 | H13: 398 | I13: 77 | J13: 458 | K13: 156 | L13: FALSE | M13: 260.63 | N13: 119369.51 | O13: Lotus Agencies | P13: =IF(J13=G13+H13-I13,"OK","Check") -> OK | Q13: =IF(AND(J13<=K13,L13=TRUE),"OK",IF(AND(J13>K13,L13=FALSE),"OK","Check")) -> OK | R13: =IF(ABS(N13-J13*M13)<=J13*0.005+0.01,"OK","Check") -> OK | S13: =COUNTIFS(A:A,A13,B:B,B13,C:C,C13) -> 1
... A1001: 46082 | B1001: WH-Pune | C1001: SKU-1120 | D1001: Twine Roll (Bulk) | E1001: Packaging | F1001: pcs | G1001: 249 | H1001: 0 | I1001: 60 | J1001: 189 | K1001: 100 | L1001: FALSE | M1001: 284.95 | N1001: 53854.86 | O1001: Sunrise Distributors | P1001: =IF(J1001=G1001+H1001-I1001,"OK","Check") -> OK | Q1001: =IF(AND(J1001<=K1001,L1001=TRUE),"OK",IF(AND(J1001>K1001,L1001=FALSE),"OK","Check")) -> OK | R1001: =IF(ABS(N1001-J1001*M1001)<=J1001*0.005+0.01,"OK","Check") -> OK | S1001: =COUNTIFS(A:A,A1001,B:B,B1001,C:C,C1001) -> 1

Sheet analysis
A1: Inventory & Supply Chain Analysis
A3: KPI | B3: VALUE
A4: TOTAL INVENTORY VALUE | B4: =SUM(in!N2:N1001) -> 1.621867e+08
A5: TOTAL CLOSING STOCK UNITS | B5: =SUM(in!J2:J1001) -> 247837
A6: TOTAL UNITIS ISSUED | B6: =SUM(in!I2:I1001) -> 118139
A7: TOTAL UNITIS RECEIVED | B7: =SUM(in!H2:H1001) -> 134661
A8: TOTAL INVENTORY RECORDS | B8: =COUNTA(in!C2:C1001) -> 1000

Sheet inventory value by warehouse
A3: warehouse | B3: Sum of stock_value
A4: WH-Kolkata | B4: 33711649
A5: WH-Mumbai | B5: 33282115
A6: WH-Chennai | B6: 32312068
A7: WH-Pune | B7: 31925298
A8: WH-Delhi | B8: 30955575
A9: Grand Total | B9: 1.621867e+08

Sheet inventory value by category
A3: category | B3: Sum of stock_value
A4: Electrical | B4: 66942028
A5: Hardware | B5: 28949775
A6: Cleaning | B6: 19167362
A7: Stationery | B7: 16852386
A8: Packaging | B8: 16000111
A9: Grocery | B9: 14275042
A10: Grand Total | B10: 1.621867e+08

Sheet record status
A3: needs_reorder | B3: Count of sku
A4: FALSE | B4: 733
A5: TRUE | B5: 267
A6: Grand Total | B6: 1000

Sheet inventory month value
A3: month | B3: Sum of stock_value
A4: 46054 | B4: 74861785
A5: 46082 | B5: 87324920
A6: Grand Total | B6: 1.621867e+08

Sheet in
A1: month | B1: warehouse | C1: sku | D1: item_name | E1: category | F1: unit | G1: opening_stock | H1: received_qty | I1: issued_qty | J1: closing_stock | K1: reorder_level | L1: needs_reorder | M1: unit_cost | N1: stock_value | O1: supplier
A2: 46054 | B2: WH-Chennai | C2: SKU-1001 | D2: A4 Paper Ream | E2: Stationery | F2: pcs | G2: 320 | H2: 0 | I2: 152 | J2: 168 | K2: 123 | L2: FALSE | M2: 276.76 | N2: 46495.88 | O2: Lotus Agencies
A3: 46054 | B3: WH-Chennai | C3: SKU-1002 | D3: A4 Paper Ream (Bulk) | E3: Stationery | F3: pcs | G3: 83 | H3: 0 | I3: 36 | J3: 47 | K3: 53 | L3: TRUE | M3: 1274.63 | N3: 59907.46 | O3: Prime Packaging Works
A4: 46054 | B4: WH-Chennai | C4: SKU-1003 | D4: Ball Pen Box | E4: Stationery | F4: pcs | G4: 394 | H4: 486 | I4: 208 | J4: 672 | K4: 176 | L4: FALSE | M4: 98.38 | N4: 66110.37 | O4: Lotus Agencies
A5: 46054 | B5: WH-Chennai | C5: SKU-1004 | D5: Ball Pen Box (Bulk) | E5: Stationery | F5: pcs | G5: 146 | H5: 148 | I5: 22 | J5: 272 | K5: 96 | L5: FALSE | M5: 412.63 | N5: 112236.34 | O5: Northstar Enterprises
A6: 46054 | B6: WH-Chennai | C6: SKU-1005 | D6: Stapler | E6: Stationery | F6: pcs | G6: 160 | H6: 322 | I6: 122 | J6: 360 | K6: 136 | L6: FALSE | M6: 128.44 | N6: 46238.8 | O6: Lotus Agencies
A7: 46054 | B7: WH-Chennai | C7: SKU-1006 | D7: Stapler (Bulk) | E7: Stationery | F7: pcs | G7: 512 | H7: 585 | I7: 209 | J7: 888 | K7: 159 | L7: FALSE | M7: 523.72 | N7: 465065.6 | O7: Metro Wholesale
A8: 46054 | B8: WH-Chennai | C8: SKU-1007 | D8: Box File | E8: Stationery | F8: pcs | G8: 193 | H8: 384 | I8: 131 | J8: 446 | K8: 135 | L8: FALSE | M8: 67.93 | N8: 30297 | O8: Lotus Agencies
A9: 46054 | B9: WH-Chennai | C9: SKU-1008 | D9: Box File (Bulk) | E9: Stationery | F9: pcs | G9: 269 | H9: 0 | I9: 234 | J9: 35 | K9: 175 | L9: TRUE | M9: 365.55 | N9: 12794.27 | O9: Lotus Agencies
A10: 46054 | B10: WH-Chennai | C10: SKU-1009 | D10: Whiteboard Marker Set | E10: Stationery | F10: pcs | G10: 203 | H10: 0 | I10: 76 | J10: 127 | K10: 120 | L10: FALSE | M10: 152.84 | N10: 19410.76 | O10: Unity Traders
A11: 46054 | B11: WH-Chennai | C11: SKU-1010 | D11: Whiteboard Marker Set (Bulk) | E11: Stationery | F11: pcs | G11: 20 | H11: 51 | I11: 15 | J11: 56 | K11: 25 | L11: FALSE | M11: 768.39 | N11: 43030.12 | O11: Greenleaf Supplies
A12: 46054 | B12: WH-Chennai | C12: SKU-1011 | D12: Sticky Notes Pack | E12: Stationery | F12: pcs | G12: 274 | H12: 247 | I12: 115 | J12: 406 | K12: 153 | L12: FALSE | M12: 61.75 | N12: 25070.84 | O12: Unity Traders
A13: 46054 | B13: WH-Chennai | C13: SKU-1012 | D13: Sticky Notes Pack (Bulk) | E13: Stationery | F13: pcs | G13: 137 | H13: 398 | I13: 77 | J13: 458 | K13: 156 | L13: FALSE | M13: 260.63 | N13: 119369.51 | O13: Lotus Agencies
... A1001: 46082 | B1001: WH-Pune | C1001: SKU-1120 | D1001: Twine Roll (Bulk) | E1001: Packaging | F1001: pcs | G1001: 249 | H1001: 0 | I1001: 60 | J1001: 189 | K1001: 100 | L1001: FALSE | M1001: 284.95 | N1001: 53854.86 | O1001: Sunrise Distributors

Sheet dashboard
A1: INVENTORY & SUPPLY CHAIN ANALYSIS
A3: TOTAL INVENTORY VALUE | C3: =analysis!A5 -> TOTAL CLOSING STOCK UNITS | E3: =analysis!A6 -> TOTAL UNITIS ISSUED | G3: =analysis!A7 -> TOTAL UNITIS RECEIVED | I3: =analysis!A8 -> TOTAL INVENTORY RECORDS
A4: =analysis!B4 -> 1.621867e+08 | C4: =analysis!B5 -> 247837 | E4: =analysis!B6 -> 118139 | G4: =analysis!B7 -> 134661 | I4: =analysis!B8 -> 1000
